Loan_ID,Married,Dependents,Education,Self_Employed,ApplicantIncome,CoapplicantIncome,LoanAmount,Loan_Amount_Term,Credit_History,Property_Area,Loan_Status
LP001003,Yes,1,Graduate,No,4583,1508.0,128.0,360.0,1.0,Rural,0
LP001005,Yes,0,Graduate,Yes,3000,0.0,66.0,360.0,1.0,Urban,1
LP001006,Yes,0,Not Graduate,No,2583,2358.0,120.0,360.0,1.0,Urban,1
LP001008,No,0,Graduate,No,6000,0.0,141.0,360.0,1.0,Urban,1
LP001011,Yes,2,Graduate,Yes,5417,4196.0,267.0,360.0,1.0,Urban,1
LP001013,Yes,0,Not Graduate,No,2333,1516.0,95.0,360.0,1.0,Urban,1
LP001014,Yes,3+,Graduate,No,3036,2504.0,158.0,360.0,0.0,Semiurban,0
LP001018,Yes,2,Graduate,No,4006,1526.0,168.0,360.0,1.0,Urban,1
LP001020,Yes,1,Graduate,No,12841,10968.0,349.0,360.0,1.0,Semiurban,0
LP001024,Yes,2,Graduate,No,3200,700.0,70.0,360.0,1.0,Urban,1
LP001028,Yes,2,Graduate,No,3073,8106.0,200.0,360.0,1.0,Urban,1
LP001029,No,0,Graduate,No,1853,2840.0,114.0,360.0,1.0,Rural,0
LP001030,Yes,2,Graduate,No,1299,1086.0,17.0,120.0,1.0,Urban,1
LP001032,No,0,Graduate,No,4950,0.0,125.0,360.0,1.0,Urban,1
LP001036,No,0,Graduate,No,3510,0.0,76.0,360.0,0.0,Urban,0
LP001038,Yes,0,Not Graduate,No,4887,0.0,133.0,360.0,1.0,Rural,0
LP001043,Yes,0,Not Graduate,No,7660,0.0,104.0,360.0,0.0,Urban,0
LP001046,Yes,1,Graduate,No,5955,5625.0,315.0,360.0,1.0,Urban,1
LP001047,Yes,0,Not Graduate,No,2600,1911.0,116.0,360.0,0.0,Semiurban,0
LP001050,Yes,2,Not Graduate,No,3365,1917.0,112.0,360.0,0.0,Rural,0
LP001066,Yes,0,Graduate,Yes,9560,0.0,191.0,360.0,1.0,Semiurban,1
LP001068,Yes,0,Graduate,No,2799,2253.0,122.0,360.0,1.0,Semiurban,1
LP001073,Yes,2,Not Graduate,No,4226,1040.0,110.0,360.0,1.0,Urban,1
LP001086,No,0,Not Graduate,No,1442,0.0,35.0,360.0,1.0,Urban,0
LP001095,No,0,Graduate,No,3167,0.0,74.0,360.0,1.0,Urban,0
LP001097,No,1,Graduate,Yes,4692,0.0,106.0,360.0,1.0,Rural,0
LP001098,Yes,0,Graduate,No,3500,1667.0,114.0,360.0,1.0,Semiurban,1
LP001100,No,3+,Graduate,No,12500,3000.0,320.0,360.0,1.0,Rural,0
LP001112,Yes,0,Graduate,No,3667,1459.0,144.0,360.0,1.0,Semiurban,1
LP001114,No,0,Graduate,No,4166,7210.0,184.0,360.0,1.0,Urban,1
LP001116,No,0,Not Graduate,No,3748,1668.0,110.0,360.0,1.0,Semiurban,1
LP001119,No,0,Graduate,No,3600,0.0,80.0,360.0,1.0,Urban,0
LP001120,No,0,Graduate,No,1800,1213.0,47.0,360.0,1.0,Urban,1
LP001131,Yes,0,Graduate,No,3941,2336.0,134.0,360.0,1.0,Semiurban,1
LP001138,Yes,1,Graduate,No,5649,0.0,44.0,360.0,1.0,Urban,1
LP001144,Yes,0,Graduate,No,5821,0.0,144.0,360.0,1.0,Urban,1
LP001146,Yes,0,Graduate,No,2645,3440.0,120.0,360.0,0.0,Urban,0
LP001151,No,0,Graduate,No,4000,2275.0,144.0,360.0,1.0,Semiurban,1
LP001155,Yes,0,Not Graduate,No,1928,1644.0,100.0,360.0,1.0,Semiurban,1
LP001157,No,0,Graduate,No,3086,0.0,120.0,360.0,1.0,Semiurban,1
LP001164,No,0,Graduate,No,4230,0.0,112.0,360.0,1.0,Semiurban,0
LP001179,Yes,2,Graduate,No,4616,0.0,134.0,360.0,1.0,Urban,0
LP001186,Yes,1,Graduate,Yes,11500,0.0,286.0,360.0,0.0,Urban,0
LP001194,Yes,2,Graduate,No,2708,1167.0,97.0,360.0,1.0,Semiurban,1
LP001195,Yes,0,Graduate,No,2132,1591.0,96.0,360.0,1.0,Semiurban,1
LP001197,Yes,0,Graduate,No,3366,2200.0,135.0,360.0,1.0,Rural,0
LP001198,Yes,1,Graduate,No,8080,2250.0,180.0,360.0,1.0,Urban,1
LP001199,Yes,2,Not Graduate,No,3357,2859.0,144.0,360.0,1.0,Urban,1
LP001205,Yes,0,Graduate,No,2500,3796.0,120.0,360.0,1.0,Urban,1
LP001206,Yes,3+,Graduate,No,3029,0.0,99.0,360.0,1.0,Urban,1
LP001207,Yes,0,Not Graduate,Yes,2609,3449.0,165.0,180.0,0.0,Rural,0
LP001222,No,0,Graduate,No,4166,0.0,116.0,360.0,0.0,Semiurban,0
LP001225,Yes,0,Graduate,No,5726,4595.0,258.0,360.0,1.0,Semiurban,0
LP001228,No,0,Not Graduate,No,3200,2254.0,126.0,180.0,0.0,Urban,0
LP001233,Yes,1,Graduate,No,10750,0.0,312.0,360.0,1.0,Urban,1
LP001238,Yes,3+,Not Graduate,Yes,7100,0.0,125.0,60.0,1.0,Urban,1
LP001241,No,0,Graduate,No,4300,0.0,136.0,360.0,0.0,Semiurban,0
LP001243,Yes,0,Graduate,No,3208,3066.0,172.0,360.0,1.0,Urban,1
LP001245,Yes,2,Not Graduate,Yes,1875,1875.0,97.0,360.0,1.0,Semiurban,1
LP001248,No,0,Graduate,No,3500,0.0,81.0,300.0,1.0,Semiurban,1
LP001253,Yes,3+,Graduate,Yes,5266,1774.0,187.0,360.0,1.0,Semiurban,1
LP001255,No,0,Graduate,No,3750,0.0,113.0,480.0,1.0,Urban,0
LP001256,No,0,Graduate,No,3750,4750.0,176.0,360.0,1.0,Urban,0
LP001259,Yes,1,Graduate,Yes,1000,3022.0,110.0,360.0,1.0,Urban,0
LP001263,Yes,3+,Graduate,No,3167,4000.0,180.0,300.0,0.0,Semiurban,0
LP001265,No,0,Graduate,No,3846,0.0,111.0,360.0,1.0,Semiurban,1
LP001267,Yes,2,Graduate,No,1378,1881.0,167.0,360.0,1.0,Urban,0
LP001275,Yes,1,Graduate,No,3988,0.0,50.0,240.0,1.0,Urban,1
LP001279,No,0,Graduate,No,2366,2531.0,136.0,360.0,1.0,Semiurban,1
LP001282,Yes,0,Graduate,No,2500,2118.0,104.0,360.0,1.0,Semiurban,1
LP001289,No,0,Graduate,No,8566,0.0,210.0,360.0,1.0,Urban,1
LP001310,Yes,0,Graduate,No,5695,4167.0,175.0,360.0,1.0,Semiurban,1
LP001316,Yes,0,Graduate,No,2958,2900.0,131.0,360.0,1.0,Semiurban,1
LP001318,Yes,2,Graduate,No,6250,5654.0,188.0,180.0,1.0,Semiurban,1
LP001319,Yes,2,Not Graduate,No,3273,1820.0,81.0,360.0,1.0,Urban,1
LP001322,No,0,Graduate,No,4133,0.0,122.0,360.0,1.0,Semiurban,1
LP001325,No,0,Not Graduate,No,3620,0.0,25.0,120.0,1.0,Semiurban,1
LP001327,Yes,0,Graduate,No,2484,2302.0,137.0,360.0,1.0,Semiurban,1
LP001333,Yes,0,Graduate,No,1977,997.0,50.0,360.0,1.0,Semiurban,1
LP001334,Yes,0,Not Graduate,No,4188,0.0,115.0,180.0,1.0,Semiurban,1
LP001343,Yes,0,Graduate,No,1759,3541.0,131.0,360.0,1.0,Semiurban,1
LP001345,Yes,2,Not Graduate,No,4288,3263.0,133.0,180.0,1.0,Urban,1
LP001349,No,0,Graduate,No,4843,3806.0,151.0,360.0,1.0,Semiurban,1
LP001367,Yes,1,Graduate,No,3052,1030.0,100.0,360.0,1.0,Urban,1
LP001369,Yes,2,Graduate,No,11417,1126.0,225.0,360.0,1.0,Urban,1
LP001379,Yes,2,Graduate,No,3800,3600.0,216.0,360.0,0.0,Urban,0
LP001384,Yes,3+,Not Graduate,No,2071,754.0,94.0,480.0,1.0,Semiurban,1
LP001385,No,0,Graduate,No,5316,0.0,136.0,360.0,1.0,Urban,1
LP001401,Yes,1,Graduate,No,14583,0.0,185.0,180.0,1.0,Rural,1
LP001404,Yes,0,Graduate,No,3167,2283.0,154.0,360.0,1.0,Semiurban,1
LP001421,Yes,0,Graduate,No,5568,2142.0,175.0,360.0,1.0,Rural,0
LP001422,No,0,Graduate,No,10408,0.0,259.0,360.0,1.0,Urban,1
LP001430,No,0,Graduate,No,4166,0.0,44.0,360.0,1.0,Semiurban,1
LP001431,No,0,Graduate,No,2137,8980.0,137.0,360.0,0.0,Semiurban,1
LP001432,Yes,2,Graduate,No,2957,0.0,81.0,360.0,1.0,Semiurban,1
LP001439,Yes,0,Not Graduate,No,4300,2014.0,194.0,360.0,1.0,Rural,1
LP001448,Yes,3+,Graduate,No,23803,0.0,370.0,360.0,1.0,Rural,1
LP001451,Yes,1,Graduate,Yes,10513,3850.0,160.0,180.0,0.0,Urban,0
LP001473,No,0,Graduate,No,2014,1929.0,74.0,360.0,1.0,Urban,1
LP001478,No,0,Graduate,No,2718,0.0,70.0,360.0,1.0,Semiurban,1
LP001482,Yes,0,Graduate,Yes,3459,0.0,25.0,120.0,1.0,Semiurban,1
LP001487,No,0,Graduate,No,4895,0.0,102.0,360.0,1.0,Semiurban,1
LP001488,Yes,3+,Graduate,No,4000,7750.0,290.0,360.0,1.0,Semiurban,0
LP001489,Yes,0,Graduate,No,4583,0.0,84.0,360.0,1.0,Rural,0
LP001491,Yes,2,Graduate,Yes,3316,3500.0,88.0,360.0,1.0,Urban,1
LP001492,No,0,Graduate,No,14999,0.0,242.0,360.0,0.0,Semiurban,0
LP001493,Yes,2,Not Graduate,No,4200,1430.0,129.0,360.0,1.0,Rural,0
LP001497,Yes,2,Graduate,No,5042,2083.0,185.0,360.0,1.0,Rural,0
LP001498,No,0,Graduate,No,5417,0.0,168.0,360.0,1.0,Urban,1
LP001504,No,0,Graduate,Yes,6950,0.0,175.0,180.0,1.0,Semiurban,1
LP001507,Yes,0,Graduate,No,2698,2034.0,122.0,360.0,1.0,Semiurban,1
LP001508,Yes,2,Graduate,No,11757,0.0,187.0,180.0,1.0,Urban,1
LP001514,Yes,0,Graduate,No,2330,4486.0,100.0,360.0,1.0,Semiurban,1
LP001516,Yes,2,Graduate,No,14866,0.0,70.0,360.0,1.0,Urban,1
LP001518,Yes,1,Graduate,No,1538,1425.0,30.0,360.0,1.0,Urban,1
LP001519,No,0,Graduate,No,10000,1666.0,225.0,360.0,1.0,Rural,0
LP001520,Yes,0,Graduate,No,4860,830.0,125.0,360.0,1.0,Semiurban,1
LP001528,No,0,Graduate,No,6277,0.0,118.0,360.0,0.0,Rural,0
LP001529,Yes,0,Graduate,Yes,2577,3750.0,152.0,360.0,1.0,Rural,1
LP001531,No,0,Graduate,No,9166,0.0,244.0,360.0,1.0,Urban,0
LP001532,Yes,2,Not Graduate,No,2281,0.0,113.0,360.0,1.0,Rural,0
LP001535,No,0,Graduate,No,3254,0.0,50.0,360.0,1.0,Urban,1
LP001536,Yes,3+,Graduate,No,39999,0.0,600.0,180.0,0.0,Semiurban,1
LP001543,Yes,1,Graduate,No,9538,0.0,187.0,360.0,1.0,Urban,1
LP001552,Yes,0,Graduate,No,4583,5625.0,255.0,360.0,1.0,Semiurban,1
LP001560,Yes,0,Not Graduate,No,1863,1041.0,98.0,360.0,1.0,Semiurban,1
LP001562,Yes,0,Graduate,No,7933,0.0,275.0,360.0,1.0,Urban,0
LP001565,Yes,1,Graduate,No,3089,1280.0,121.0,360.0,0.0,Semiurban,0
LP001570,Yes,2,Graduate,No,4167,1447.0,158.0,360.0,1.0,Rural,1
LP001572,Yes,0,Graduate,No,9323,0.0,75.0,180.0,1.0,Urban,1
LP001577,Yes,0,Graduate,No,4583,0.0,112.0,360.0,1.0,Rural,0
LP001578,Yes,0,Graduate,No,2439,3333.0,129.0,360.0,1.0,Rural,1
LP001579,No,0,Graduate,No,2237,0.0,63.0,480.0,0.0,Semiurban,0
LP001580,Yes,2,Graduate,No,8000,0.0,200.0,360.0,1.0,Semiurban,1
LP001585,Yes,3+,Graduate,No,51763,0.0,700.0,300.0,1.0,Urban,1
LP001586,Yes,3+,Not Graduate,No,3522,0.0,81.0,180.0,1.0,Rural,0
LP001594,Yes,0,Graduate,No,5708,5625.0,187.0,360.0,1.0,Semiurban,1
LP001603,Yes,0,Not Graduate,Yes,4344,736.0,87.0,360.0,1.0,Semiurban,0
LP001606,Yes,0,Graduate,No,3497,1964.0,116.0,360.0,1.0,Rural,1
LP001608,Yes,2,Graduate,No,2045,1619.0,101.0,360.0,1.0,Rural,1
LP001610,Yes,3+,Graduate,No,5516,11300.0,495.0,360.0,0.0,Semiurban,0
LP001616,Yes,1,Graduate,No,3750,0.0,116.0,360.0,1.0,Semiurban,1
LP001630,No,0,Not Graduate,No,2333,1451.0,102.0,480.0,0.0,Urban,0
LP001633,Yes,1,Graduate,No,6400,7250.0,180.0,360.0,0.0,Urban,0
LP001636,Yes,0,Graduate,No,4600,0.0,73.0,180.0,1.0,Semiurban,1
LP001637,Yes,1,Graduate,No,33846,0.0,260.0,360.0,1.0,Semiurban,0
LP001639,Yes,0,Graduate,No,3625,0.0,108.0,360.0,1.0,Semiurban,1
LP001640,Yes,0,Graduate,Yes,39147,4750.0,120.0,360.0,1.0,Semiurban,1
LP001641,Yes,1,Graduate,Yes,2178,0.0,66.0,300.0,0.0,Rural,0
LP001644,Yes,0,Graduate,Yes,674,5296.0,168.0,360.0,1.0,Rural,1
LP001647,Yes,0,Graduate,No,9328,0.0,188.0,180.0,1.0,Rural,1
LP001653,No,0,Not Graduate,No,4885,0.0,48.0,360.0,1.0,Rural,1
LP001656,No,0,Graduate,No,12000,0.0,164.0,360.0,1.0,Semiurban,0
LP001657,Yes,0,Not Graduate,No,6033,0.0,160.0,360.0,1.0,Urban,0
LP001658,No,0,Graduate,No,3858,0.0,76.0,360.0,1.0,Semiurban,1
LP001664,No,0,Graduate,No,4191,0.0,120.0,360.0,1.0,Rural,1
LP001665,Yes,1,Graduate,No,3125,2583.0,170.0,360.0,1.0,Semiurban,0
LP001666,No,0,Graduate,No,8333,3750.0,187.0,360.0,1.0,Rural,1
LP001673,No,0,Graduate,Yes,11000,0.0,83.0,360.0,1.0,Urban,0
LP001674,Yes,1,Not Graduate,No,2600,2500.0,90.0,360.0,1.0,Semiurban,1
LP001677,No,2,Graduate,No,4923,0.0,166.0,360.0,0.0,Semiurban,1
LP001688,Yes,1,Not Graduate,No,3500,1083.0,135.0,360.0,1.0,Urban,1
LP001691,Yes,2,Not Graduate,No,3917,0.0,124.0,360.0,1.0,Semiurban,1
LP001692,No,0,Not Graduate,No,4408,0.0,120.0,360.0,1.0,Semiurban,1
LP001693,No,0,Graduate,No,3244,0.0,80.0,360.0,1.0,Urban,1
LP001698,No,0,Not Graduate,No,3975,2531.0,55.0,360.0,1.0,Rural,1
LP001699,No,0,Graduate,No,2479,0.0,59.0,360.0,1.0,Urban,1
LP001702,No,0,Graduate,No,3418,0.0,127.0,360.0,1.0,Semiurban,0
LP001708,No,0,Graduate,No,10000,0.0,214.0,360.0,1.0,Semiurban,0
LP001711,Yes,3+,Graduate,No,3430,1250.0,128.0,360.0,0.0,Semiurban,0
LP001713,Yes,1,Graduate,Yes,7787,0.0,240.0,360.0,1.0,Urban,1
LP001715,Yes,3+,Not Graduate,Yes,5703,0.0,130.0,360.0,1.0,Rural,1
LP001716,Yes,0,Graduate,No,3173,3021.0,137.0,360.0,1.0,Urban,1
LP001720,Yes,3+,Not Graduate,No,3850,983.0,100.0,360.0,1.0,Semiurban,1
LP001722,Yes,0,Graduate,No,150,1800.0,135.0,360.0,1.0,Rural,0
LP001726,Yes,0,Graduate,No,3727,1775.0,131.0,360.0,1.0,Semiurban,1
LP001736,Yes,0,Graduate,No,2221,0.0,60.0,360.0,0.0,Urban,0
LP001743,Yes,2,Graduate,No,4009,1717.0,116.0,360.0,1.0,Semiurban,1
LP001744,No,0,Graduate,No,2971,2791.0,144.0,360.0,1.0,Semiurban,1
LP001750,Yes,0,Graduate,No,6250,0.0,128.0,360.0,1.0,Semiurban,1
LP001751,Yes,0,Graduate,No,3250,0.0,170.0,360.0,1.0,Rural,0
LP001758,Yes,2,Graduate,No,6250,1695.0,210.0,360.0,1.0,Semiurban,1
LP001761,No,0,Graduate,Yes,6400,0.0,200.0,360.0,1.0,Rural,1
LP001765,Yes,1,Graduate,No,2491,2054.0,104.0,360.0,1.0,Semiurban,1
LP001776,No,0,Graduate,No,8333,0.0,280.0,360.0,1.0,Semiurban,1
LP001778,Yes,1,Graduate,No,3155,1779.0,140.0,360.0,1.0,Semiurban,1
LP001784,Yes,1,Graduate,No,5500,1260.0,170.0,360.0,1.0,Rural,1
LP001790,No,1,Graduate,No,3812,0.0,112.0,360.0,1.0,Rural,1
LP001792,Yes,1,Graduate,No,3315,0.0,96.0,360.0,1.0,Semiurban,1
LP001798,Yes,2,Graduate,No,5819,5000.0,120.0,360.0,1.0,Rural,1
LP001800,Yes,1,Not Graduate,No,2510,1983.0,140.0,180.0,1.0,Urban,0
LP001806,No,0,Graduate,No,2965,5701.0,155.0,60.0,1.0,Urban,1
LP001807,Yes,2,Graduate,Yes,6250,1300.0,108.0,360.0,1.0,Rural,1
LP001811,Yes,0,Not Graduate,No,3406,4417.0,123.0,360.0,1.0,Semiurban,1
LP001813,No,0,Graduate,Yes,6050,4333.0,120.0,180.0,1.0,Urban,0
LP001814,Yes,2,Graduate,No,9703,0.0,112.0,360.0,1.0,Urban,1
LP001819,Yes,1,Not Graduate,No,6608,0.0,137.0,180.0,1.0,Urban,1
LP001824,Yes,1,Graduate,No,2882,1843.0,123.0,480.0,1.0,Semiurban,1
LP001825,Yes,0,Graduate,No,1809,1868.0,90.0,360.0,1.0,Urban,1
LP001835,Yes,0,Not Graduate,No,1668,3890.0,201.0,360.0,0.0,Semiurban,0
LP001836,No,2,Graduate,No,3427,0.0,138.0,360.0,1.0,Urban,0
LP001841,No,0,Not Graduate,Yes,2583,2167.0,104.0,360.0,1.0,Rural,1
LP001843,Yes,1,Not Graduate,No,2661,7101.0,279.0,180.0,1.0,Semiurban,1
LP001844,No,0,Graduate,Yes,16250,0.0,192.0,360.0,0.0,Urban,0
LP001846,No,3+,Graduate,No,3083,0.0,255.0,360.0,1.0,Rural,1
LP001849,No,0,Not Graduate,No,6045,0.0,115.0,360.0,0.0,Rural,0
LP001854,Yes,3+,Graduate,No,5250,0.0,94.0,360.0,1.0,Urban,0
LP001859,Yes,0,Graduate,No,14683,2100.0,304.0,360.0,1.0,Rural,0
LP001868,No,0,Graduate,No,2060,2209.0,134.0,360.0,1.0,Semiurban,1
LP001870,No,1,Graduate,No,3481,0.0,155.0,36.0,1.0,Semiurban,0
LP001871,No,0,Graduate,No,7200,0.0,120.0,360.0,1.0,Rural,1
LP001872,No,0,Graduate,Yes,5166,0.0,128.0,360.0,1.0,Semiurban,1
LP001875,No,0,Graduate,No,4095,3447.0,151.0,360.0,1.0,Rural,1
LP001877,Yes,2,Graduate,No,4708,1387.0,150.0,360.0,1.0,Semiurban,1
LP001882,Yes,3+,Graduate,No,4333,1811.0,160.0,360.0,0.0,Urban,1
LP001884,No,1,Graduate,No,2876,1560.0,90.0,360.0,1.0,Urban,1
LP001888,No,0,Graduate,No,3237,0.0,30.0,360.0,1.0,Urban,1
LP001891,Yes,0,Graduate,No,11146,0.0,136.0,360.0,1.0,Urban,1
LP001892,No,0,Graduate,No,2833,1857.0,126.0,360.0,1.0,Rural,1
LP001894,Yes,0,Graduate,No,2620,2223.0,150.0,360.0,1.0,Semiurban,1
LP001896,Yes,2,Graduate,No,3900,0.0,90.0,360.0,1.0,Semiurban,1
LP001900,Yes,1,Graduate,No,2750,1842.0,115.0,360.0,1.0,Semiurban,1
LP001903,Yes,0,Graduate,No,3993,3274.0,207.0,360.0,1.0,Semiurban,1
LP001904,Yes,0,Graduate,No,3103,1300.0,80.0,360.0,1.0,Urban,1
LP001907,Yes,0,Graduate,No,14583,0.0,436.0,360.0,1.0,Semiurban,1
LP001910,No,1,Not Graduate,Yes,4053,2426.0,158.0,360.0,0.0,Urban,0
LP001914,Yes,0,Graduate,No,3927,800.0,112.0,360.0,1.0,Semiurban,1
LP001915,Yes,2,Graduate,No,2301,985.7999877999998,78.0,180.0,1.0,Urban,1
LP001917,No,0,Graduate,No,1811,1666.0,54.0,360.0,1.0,Urban,1
LP001924,No,0,Graduate,No,3158,3053.0,89.0,360.0,1.0,Rural,1
LP001925,No,0,Graduate,Yes,2600,1717.0,99.0,300.0,1.0,Semiurban,0
LP001926,Yes,0,Graduate,No,3704,2000.0,120.0,360.0,1.0,Rural,1
LP001931,No,0,Graduate,No,4124,0.0,115.0,360.0,1.0,Semiurban,1
LP001935,No,0,Graduate,No,9508,0.0,187.0,360.0,1.0,Rural,1
LP001936,Yes,0,Graduate,No,3075,2416.0,139.0,360.0,1.0,Rural,1
LP001938,Yes,2,Graduate,No,4400,0.0,127.0,360.0,0.0,Semiurban,0
LP001940,Yes,2,Graduate,No,3153,1560.0,134.0,360.0,1.0,Urban,1
LP001947,Yes,0,Graduate,No,2383,3334.0,172.0,360.0,1.0,Semiurban,1
LP001953,Yes,1,Graduate,No,6875,0.0,200.0,360.0,1.0,Semiurban,1
LP001954,Yes,1,Graduate,No,4666,0.0,135.0,360.0,1.0,Urban,1
LP001955,No,0,Graduate,No,5000,2541.0,151.0,480.0,1.0,Rural,0
LP001963,Yes,1,Graduate,No,2014,2925.0,113.0,360.0,1.0,Urban,0
LP001964,Yes,0,Not Graduate,No,1800,2934.0,93.0,360.0,0.0,Urban,0
LP001974,No,0,Graduate,No,5000,0.0,132.0,360.0,1.0,Rural,1
LP001977,Yes,1,Graduate,No,1625,1803.0,96.0,360.0,1.0,Urban,1
LP001978,No,0,Graduate,No,4000,2500.0,140.0,360.0,1.0,Rural,1
LP001993,No,0,Graduate,No,3762,1666.0,135.0,360.0,1.0,Rural,1
LP001994,No,0,Graduate,No,2400,1863.0,104.0,360.0,0.0,Urban,0
LP001996,No,0,Graduate,No,20233,0.0,480.0,360.0,1.0,Rural,0
LP002002,No,0,Graduate,No,2917,0.0,84.0,360.0,1.0,Semiurban,1
LP002004,No,0,Not Graduate,No,2927,2405.0,111.0,360.0,1.0,Semiurban,1
LP002006,No,0,Graduate,No,2507,0.0,56.0,360.0,1.0,Rural,1
LP002024,Yes,0,Graduate,No,2473,1843.0,159.0,360.0,1.0,Rural,0
LP002031,Yes,1,Not Graduate,No,3399,1640.0,111.0,180.0,1.0,Urban,1
LP002035,Yes,2,Graduate,No,3717,0.0,120.0,360.0,1.0,Semiurban,1
LP002050,Yes,1,Graduate,Yes,10000,0.0,155.0,360.0,1.0,Rural,0
LP002051,Yes,0,Graduate,No,2400,2167.0,115.0,360.0,1.0,Semiurban,1
LP002053,Yes,3+,Graduate,No,4342,189.0,124.0,360.0,1.0,Semiurban,1
LP002065,Yes,3+,Graduate,No,15000,0.0,300.0,360.0,1.0,Rural,1
LP002067,Yes,1,Graduate,Yes,8666,4983.0,376.0,360.0,0.0,Rural,0
LP002068,No,0,Graduate,No,4917,0.0,130.0,360.0,0.0,Rural,1
LP002082,Yes,0,Graduate,Yes,5818,2160.0,184.0,360.0,1.0,Semiurban,1
LP002086,Yes,0,Graduate,No,4333,2451.0,110.0,360.0,1.0,Urban,0
LP002087,No,0,Graduate,No,2500,0.0,67.0,360.0,1.0,Urban,1
LP002097,No,1,Graduate,No,4384,1793.0,117.0,360.0,1.0,Urban,1
LP002098,No,0,Graduate,No,2935,0.0,98.0,360.0,1.0,Semiurban,1
LP002103,Yes,1,Graduate,Yes,9833,1833.0,182.0,180.0,1.0,Urban,1
LP002112,Yes,2,Graduate,Yes,2500,4600.0,176.0,360.0,1.0,Rural,1
LP002114,No,0,Graduate,No,4160,0.0,71.0,360.0,1.0,Semiurban,1
LP002115,Yes,3+,Not Graduate,No,2647,1587.0,173.0,360.0,1.0,Rural,0
LP002116,No,0,Graduate,No,2378,0.0,46.0,360.0,1.0,Rural,0
LP002119,Yes,1,Not Graduate,No,4554,1229.0,158.0,360.0,1.0,Urban,1
LP002126,Yes,3+,Not Graduate,No,3173,0.0,74.0,360.0,1.0,Semiurban,1
LP002129,Yes,0,Graduate,No,2499,2458.0,160.0,360.0,1.0,Semiurban,1
LP002131,Yes,2,Not Graduate,No,3083,2168.0,126.0,360.0,1.0,Urban,1
LP002138,Yes,0,Graduate,No,2625,6250.0,187.0,360.0,1.0,Rural,1
LP002139,Yes,0,Graduate,No,9083,0.0,228.0,360.0,1.0,Semiurban,1
LP002140,No,0,Graduate,No,8750,4167.0,308.0,360.0,1.0,Rural,0
LP002141,Yes,3+,Graduate,No,2666,2083.0,95.0,360.0,1.0,Rural,1
LP002142,Yes,0,Graduate,Yes,5500,0.0,105.0,360.0,0.0,Rural,0
LP002143,Yes,0,Graduate,No,2423,505.0,130.0,360.0,1.0,Semiurban,1
LP002149,Yes,2,Graduate,No,8333,3167.0,165.0,360.0,1.0,Rural,1
LP002151,Yes,1,Graduate,No,3875,0.0,67.0,360.0,1.0,Urban,0
LP002158,Yes,0,Not Graduate,No,3000,1666.0,100.0,480.0,0.0,Urban,0
LP002160,Yes,3+,Graduate,No,5167,3167.0,200.0,360.0,1.0,Semiurban,1
LP002161,No,1,Graduate,No,4723,0.0,81.0,360.0,1.0,Semiurban,0
LP002170,Yes,2,Graduate,No,5000,3667.0,236.0,360.0,1.0,Semiurban,1
LP002175,Yes,0,Graduate,No,4750,2333.0,130.0,360.0,1.0,Urban,1
LP002180,No,0,Graduate,Yes,6822,0.0,141.0,360.0,1.0,Rural,1
LP002181,No,0,Not Graduate,No,6216,0.0,133.0,360.0,1.0,Rural,0
LP002187,No,0,Graduate,No,2500,0.0,96.0,480.0,1.0,Semiurban,0
LP002190,Yes,1,Graduate,No,6325,0.0,175.0,360.0,1.0,Semiurban,1
LP002191,Yes,0,Graduate,No,19730,5266.0,570.0,360.0,1.0,Rural,0
LP002194,No,0,Graduate,Yes,15759,0.0,55.0,360.0,1.0,Semiurban,1
LP002197,Yes,2,Graduate,No,5185,0.0,155.0,360.0,1.0,Semiurban,1
LP002201,Yes,2,Graduate,Yes,9323,7873.0,380.0,300.0,1.0,Rural,1
LP002205,No,1,Graduate,No,3062,1987.0,111.0,180.0,0.0,Urban,0
LP002211,Yes,0,Graduate,No,4817,923.0,120.0,180.0,1.0,Urban,1
LP002219,Yes,3+,Graduate,No,8750,4996.0,130.0,360.0,1.0,Rural,1
LP002224,No,0,Graduate,No,3069,0.0,71.0,480.0,1.0,Urban,0
LP002225,Yes,2,Graduate,No,5391,0.0,130.0,360.0,1.0,Urban,1
LP002229,No,0,Graduate,No,5941,4232.0,296.0,360.0,1.0,Semiurban,1
LP002231,No,0,Graduate,No,6000,0.0,156.0,360.0,1.0,Urban,1
LP002234,No,0,Graduate,Yes,7167,0.0,128.0,360.0,1.0,Urban,1
LP002236,Yes,2,Graduate,No,4566,0.0,100.0,360.0,1.0,Urban,0
LP002239,No,0,Not Graduate,No,2346,1600.0,132.0,360.0,1.0,Semiurban,1
LP002244,Yes,0,Graduate,No,2333,2417.0,136.0,360.0,1.0,Urban,1
LP002250,Yes,0,Graduate,No,5488,0.0,125.0,360.0,1.0,Rural,1
LP002255,No,3+,Graduate,No,9167,0.0,185.0,360.0,1.0,Rural,1
LP002262,Yes,3+,Graduate,No,9504,0.0,275.0,360.0,1.0,Rural,1
LP002265,Yes,2,Not Graduate,No,1993,1625.0,113.0,180.0,1.0,Semiurban,1
LP002266,Yes,2,Graduate,No,3100,1400.0,113.0,360.0,1.0,Urban,1
LP002277,No,0,Graduate,No,3180,0.0,71.0,360.0,0.0,Urban,0
LP002281,Yes,0,Graduate,No,3033,1459.0,95.0,360.0,1.0,Urban,1
LP002284,No,0,Not Graduate,No,3902,1666.0,109.0,360.0,1.0,Rural,1
LP002287,No,0,Graduate,No,1500,1800.0,103.0,360.0,0.0,Semiurban,0
LP002288,Yes,2,Not Graduate,No,2889,0.0,45.0,180.0,0.0,Urban,0
LP002296,No,0,Not Graduate,No,2755,0.0,65.0,300.0,1.0,Rural,0
LP002297,No,0,Graduate,No,2500,20000.0,103.0,360.0,1.0,Semiurban,1
LP002300,No,0,Not Graduate,No,1963,0.0,53.0,360.0,1.0,Semiurban,1
LP002301,No,0,Graduate,Yes,7441,0.0,194.0,360.0,1.0,Rural,0
LP002305,No,0,Graduate,No,4547,0.0,115.0,360.0,1.0,Semiurban,1
LP002308,Yes,0,Not Graduate,No,2167,2400.0,115.0,360.0,1.0,Urban,1
LP002314,No,0,Not Graduate,No,2213,0.0,66.0,360.0,1.0,Rural,1
LP002315,Yes,1,Graduate,No,8300,0.0,152.0,300.0,0.0,Semiurban,0
LP002317,Yes,3+,Graduate,No,81000,0.0,360.0,360.0,0.0,Rural,0
LP002318,No,1,Not Graduate,Yes,3867,0.0,62.0,360.0,1.0,Semiurban,0
LP002328,Yes,0,Not Graduate,No,6096,0.0,218.0,360.0,0.0,Rural,0
LP002332,Yes,0,Not Graduate,No,2253,2033.0,110.0,360.0,1.0,Rural,1
LP002335,Yes,0,Not Graduate,No,2149,3237.0,178.0,360.0,0.0,Semiurban,0
LP002337,No,0,Graduate,No,2995,0.0,60.0,360.0,1.0,Urban,1
LP002341,No,1,Graduate,No,2600,0.0,160.0,360.0,1.0,Urban,0
LP002342,Yes,2,Graduate,Yes,1600,20000.0,239.0,360.0,1.0,Urban,0
LP002345,Yes,0,Graduate,No,1025,2773.0,112.0,360.0,1.0,Rural,1
LP002347,Yes,0,Graduate,No,3246,1417.0,138.0,360.0,1.0,Semiurban,1
LP002348,Yes,0,Graduate,No,5829,0.0,138.0,360.0,1.0,Rural,1
LP002361,Yes,0,Graduate,No,1820,1719.0,100.0,360.0,1.0,Urban,1
LP002364,Yes,0,Graduate,No,14880,0.0,96.0,360.0,1.0,Semiurban,1
LP002366,Yes,0,Graduate,No,2666,4300.0,121.0,360.0,1.0,Rural,1
LP002367,No,1,Not Graduate,No,4606,0.0,81.0,360.0,1.0,Rural,0
LP002368,Yes,2,Graduate,No,5935,0.0,133.0,360.0,1.0,Semiurban,1
LP002369,Yes,0,Graduate,No,2920,16.12000084,87.0,360.0,1.0,Rural,1
LP002370,No,0,Not Graduate,No,2717,0.0,60.0,180.0,1.0,Urban,1
LP002377,No,1,Graduate,Yes,8624,0.0,150.0,360.0,1.0,Semiurban,1
LP002379,No,0,Graduate,No,6500,0.0,105.0,360.0,0.0,Rural,0
LP002387,Yes,0,Graduate,No,2425,2340.0,143.0,360.0,1.0,Semiurban,1
LP002390,No,0,Graduate,No,3750,0.0,100.0,360.0,1.0,Urban,1
LP002398,No,0,Graduate,No,1926,1851.0,50.0,360.0,1.0,Semiurban,1
LP002403,No,0,Graduate,Yes,10416,0.0,187.0,360.0,0.0,Urban,0
LP002407,Yes,0,Not Graduate,Yes,7142,0.0,138.0,360.0,1.0,Rural,1
LP002408,No,0,Graduate,No,3660,5064.0,187.0,360.0,1.0,Semiurban,1
LP002409,Yes,0,Graduate,No,7901,1833.0,180.0,360.0,1.0,Rural,1
LP002418,No,3+,Not Graduate,No,4707,1993.0,148.0,360.0,1.0,Semiurban,1
LP002422,No,1,Graduate,No,37719,0.0,152.0,360.0,1.0,Semiurban,1
LP002429,Yes,1,Graduate,Yes,3466,1210.0,130.0,360.0,1.0,Rural,1
LP002434,Yes,2,Not Graduate,No,4652,0.0,110.0,360.0,1.0,Rural,1
LP002443,Yes,2,Graduate,No,3340,1710.0,150.0,360.0,0.0,Rural,0
LP002446,Yes,2,Not Graduate,No,2309,1255.0,125.0,360.0,0.0,Rural,0
LP002448,Yes,0,Graduate,No,3948,1733.0,149.0,360.0,0.0,Rural,0
LP002449,Yes,0,Graduate,No,2483,2466.0,90.0,180.0,0.0,Rural,1
LP002453,No,0,Graduate,Yes,7085,0.0,84.0,360.0,1.0,Semiurban,1
LP002455,Yes,2,Graduate,No,3859,0.0,96.0,360.0,1.0,Semiurban,1
LP002459,Yes,0,Graduate,No,4301,0.0,118.0,360.0,1.0,Urban,1
LP002467,Yes,0,Graduate,No,3708,2569.0,173.0,360.0,1.0,Urban,0
LP002472,No,2,Graduate,No,4354,0.0,136.0,360.0,1.0,Rural,1
LP002473,Yes,0,Graduate,No,8334,0.0,160.0,360.0,1.0,Semiurban,0
LP002484,Yes,3+,Graduate,No,7740,0.0,128.0,180.0,1.0,Urban,1
LP002487,Yes,0,Graduate,No,3015,2188.0,153.0,360.0,1.0,Rural,1
LP002493,No,0,Graduate,No,4166,0.0,98.0,360.0,0.0,Semiurban,0
LP002494,No,0,Graduate,No,6000,0.0,140.0,360.0,1.0,Rural,1
LP002500,Yes,3+,Not Graduate,No,2947,1664.0,70.0,180.0,0.0,Urban,0
LP002501,Yes,0,Graduate,No,16692,0.0,110.0,360.0,1.0,Semiurban,1
LP002505,Yes,0,Graduate,No,4333,2451.0,110.0,360.0,1.0,Urban,0
LP002515,Yes,1,Graduate,Yes,3450,2079.0,162.0,360.0,1.0,Semiurban,1
LP002517,Yes,1,Not Graduate,No,2653,1500.0,113.0,180.0,0.0,Rural,0
LP002519,Yes,3+,Graduate,No,4691,0.0,100.0,360.0,1.0,Semiurban,1
LP002524,No,2,Graduate,No,5532,4648.0,162.0,360.0,1.0,Rural,1
LP002527,Yes,2,Graduate,Yes,16525,1014.0,150.0,360.0,1.0,Rural,1
LP002529,Yes,2,Graduate,No,6700,1750.0,230.0,300.0,1.0,Semiurban,1
LP002530,Yes,2,Graduate,No,2873,1872.0,132.0,360.0,0.0,Semiurban,0
LP002531,Yes,1,Graduate,Yes,16667,2250.0,86.0,360.0,1.0,Semiurban,1
LP002534,No,0,Not Graduate,No,4350,0.0,154.0,360.0,1.0,Rural,1
LP002536,Yes,3+,Not Graduate,No,3095,0.0,113.0,360.0,1.0,Rural,1
LP002537,Yes,0,Graduate,No,2083,3150.0,128.0,360.0,1.0,Semiurban,1
LP002541,Yes,0,Graduate,No,10833,0.0,234.0,360.0,1.0,Semiurban,1
LP002543,Yes,2,Graduate,No,8333,0.0,246.0,360.0,1.0,Semiurban,1
LP002544,Yes,1,Not Graduate,No,1958,2436.0,131.0,360.0,1.0,Rural,1
LP002545,No,2,Graduate,No,3547,0.0,80.0,360.0,0.0,Rural,0
LP002547,Yes,1,Graduate,No,18333,0.0,500.0,360.0,1.0,Urban,0
LP002555,Yes,2,Graduate,Yes,4583,2083.0,160.0,360.0,1.0,Semiurban,1
LP002556,No,0,Graduate,No,2435,0.0,75.0,360.0,1.0,Urban,0
LP002571,No,0,Not Graduate,No,3691,0.0,110.0,360.0,1.0,Rural,1
LP002582,No,0,Not Graduate,Yes,17263,0.0,225.0,360.0,1.0,Semiurban,1
LP002585,Yes,0,Graduate,No,3597,2157.0,119.0,360.0,0.0,Rural,0
LP002586,Yes,1,Graduate,No,3326,913.0,105.0,84.0,1.0,Semiurban,1
LP002587,Yes,0,Not Graduate,No,2600,1700.0,107.0,360.0,1.0,Rural,1
LP002600,Yes,1,Graduate,Yes,2895,0.0,95.0,360.0,1.0,Semiurban,1
LP002602,No,0,Graduate,No,6283,4416.0,209.0,360.0,0.0,Rural,0
LP002603,No,0,Graduate,No,645,3683.0,113.0,480.0,1.0,Rural,1
LP002606,No,0,Graduate,No,3159,0.0,100.0,360.0,1.0,Semiurban,1
LP002615,Yes,2,Graduate,No,4865,5624.0,208.0,360.0,1.0,Semiurban,1
LP002619,Yes,0,Not Graduate,No,3814,1483.0,124.0,300.0,1.0,Semiurban,1
LP002622,Yes,2,Graduate,No,3510,4416.0,243.0,360.0,1.0,Rural,1
LP002625,No,0,Graduate,No,3583,0.0,96.0,360.0,1.0,Urban,0
LP002626,Yes,0,Graduate,Yes,2479,3013.0,188.0,360.0,1.0,Urban,1
LP002634,No,1,Graduate,No,13262,0.0,40.0,360.0,1.0,Urban,1
LP002637,No,0,Not Graduate,No,3598,1287.0,100.0,360.0,1.0,Rural,0
LP002640,Yes,1,Graduate,No,6065,2004.0,250.0,360.0,1.0,Semiurban,1
LP002643,Yes,2,Graduate,No,3283,2035.0,148.0,360.0,1.0,Urban,1
LP002648,Yes,0,Graduate,No,2130,6666.0,70.0,180.0,1.0,Semiurban,0
LP002652,No,0,Graduate,No,5815,3666.0,311.0,360.0,1.0,Rural,0
LP002659,Yes,3+,Graduate,No,3466,3428.0,150.0,360.0,1.0,Rural,1
LP002670,Yes,2,Graduate,No,2031,1632.0,113.0,480.0,1.0,Semiurban,1
LP002683,No,0,Graduate,No,4683,1915.0,185.0,360.0,1.0,Semiurban,0
LP002684,No,0,Not Graduate,No,3400,0.0,95.0,360.0,1.0,Rural,0
LP002689,Yes,2,Not Graduate,No,2192,1742.0,45.0,360.0,1.0,Semiurban,1
LP002690,No,0,Graduate,No,2500,0.0,55.0,360.0,1.0,Semiurban,1
LP002692,Yes,3+,Graduate,Yes,5677,1424.0,100.0,360.0,1.0,Rural,1
LP002693,Yes,2,Graduate,Yes,7948,7166.0,480.0,360.0,1.0,Rural,1
LP002699,Yes,2,Graduate,Yes,17500,0.0,400.0,360.0,1.0,Rural,1
LP002705,Yes,0,Graduate,No,3775,0.0,110.0,360.0,1.0,Semiurban,1
LP002706,Yes,1,Not Graduate,No,5285,1430.0,161.0,360.0,0.0,Semiurban,1
LP002714,No,1,Not Graduate,No,2679,1302.0,94.0,360.0,1.0,Semiurban,1
LP002716,No,0,Not Graduate,No,6783,0.0,130.0,360.0,1.0,Semiurban,1
LP002720,Yes,3+,Graduate,No,4281,0.0,100.0,360.0,1.0,Urban,1
LP002723,No,2,Graduate,No,3588,0.0,110.0,360.0,0.0,Rural,0
LP002731,No,0,Not Graduate,Yes,18165,0.0,125.0,360.0,1.0,Urban,1
LP002734,Yes,0,Graduate,No,6133,3906.0,324.0,360.0,1.0,Urban,1
LP002738,No,2,Graduate,No,3617,0.0,107.0,360.0,1.0,Semiurban,1
LP002739,Yes,0,Not Graduate,No,2917,536.0,66.0,360.0,1.0,Rural,0
LP002740,Yes,3+,Graduate,No,6417,0.0,157.0,180.0,1.0,Rural,1
LP002741,Yes,1,Graduate,No,4608,2845.0,140.0,180.0,1.0,Semiurban,1
LP002743,No,0,Graduate,No,2138,0.0,99.0,360.0,0.0,Semiurban,0
LP002755,Yes,1,Not Graduate,No,2239,2524.0,128.0,360.0,1.0,Urban,1
LP002767,Yes,0,Graduate,No,2768,1950.0,155.0,360.0,1.0,Rural,1
LP002768,No,0,Not Graduate,No,3358,0.0,80.0,36.0,1.0,Semiurban,0
LP002772,No,0,Graduate,No,2526,1783.0,145.0,360.0,1.0,Rural,1
LP002776,No,0,Graduate,No,5000,0.0,103.0,360.0,0.0,Semiurban,0
LP002777,Yes,0,Graduate,No,2785,2016.0,110.0,360.0,1.0,Rural,1
LP002785,Yes,1,Graduate,No,3333,3250.0,158.0,360.0,1.0,Urban,1
LP002788,Yes,0,Not Graduate,No,2454,2333.0,181.0,360.0,0.0,Urban,0
LP002789,Yes,0,Graduate,No,3593,4266.0,132.0,180.0,0.0,Rural,0
LP002792,Yes,1,Graduate,No,5468,1032.0,26.0,360.0,1.0,Semiurban,1
LP002795,Yes,3+,Graduate,Yes,10139,0.0,260.0,360.0,1.0,Semiurban,1
LP002798,Yes,0,Graduate,No,3887,2669.0,162.0,360.0,1.0,Semiurban,1
LP002804,Yes,0,Graduate,No,4180,2306.0,182.0,360.0,1.0,Semiurban,1
LP002807,Yes,2,Not Graduate,No,3675,242.0,108.0,360.0,1.0,Semiurban,1
LP002813,Yes,1,Graduate,Yes,19484,0.0,600.0,360.0,1.0,Semiurban,1
LP002820,Yes,0,Graduate,No,5923,2054.0,211.0,360.0,1.0,Rural,1
LP002821,No,0,Not Graduate,Yes,5800,0.0,132.0,360.0,1.0,Semiurban,1
LP002832,Yes,2,Graduate,No,8799,0.0,258.0,360.0,0.0,Urban,0
LP002836,No,0,Graduate,No,3333,0.0,70.0,360.0,1.0,Urban,1
LP002837,Yes,3+,Graduate,No,3400,2500.0,123.0,360.0,0.0,Rural,0
LP002840,No,0,Graduate,No,2378,0.0,9.0,360.0,1.0,Urban,0
LP002841,Yes,0,Graduate,No,3166,2064.0,104.0,360.0,0.0,Urban,0
LP002842,Yes,1,Graduate,No,3417,1750.0,186.0,360.0,1.0,Urban,1
LP002855,Yes,2,Graduate,No,16666,0.0,275.0,360.0,1.0,Urban,1
LP002862,Yes,2,Not Graduate,No,6125,1625.0,187.0,480.0,1.0,Semiurban,0
LP002863,Yes,3+,Graduate,No,6406,0.0,150.0,360.0,1.0,Semiurban,0
LP002868,Yes,2,Graduate,No,3159,461.0,108.0,84.0,1.0,Urban,1
LP002872,Yes,0,Graduate,No,3087,2210.0,136.0,360.0,0.0,Semiurban,0
LP002874,No,0,Graduate,No,3229,2739.0,110.0,360.0,1.0,Urban,1
LP002877,Yes,1,Graduate,No,1782,2232.0,107.0,360.0,1.0,Rural,1
LP002892,Yes,2,Graduate,No,6540,0.0,205.0,360.0,1.0,Semiurban,1
LP002893,No,0,Graduate,No,1836,33837.0,90.0,360.0,1.0,Urban,0
LP002894,Yes,0,Graduate,No,3166,0.0,36.0,360.0,1.0,Semiurban,1
LP002911,Yes,1,Graduate,No,2787,1917.0,146.0,360.0,0.0,Rural,0
LP002912,Yes,1,Graduate,No,4283,3000.0,172.0,84.0,1.0,Rural,0
LP002916,Yes,0,Graduate,No,2297,1522.0,104.0,360.0,1.0,Urban,1
LP002917,No,0,Not Graduate,No,2165,0.0,70.0,360.0,1.0,Semiurban,1
LP002925,No,0,Graduate,No,4750,0.0,94.0,360.0,1.0,Semiurban,1
LP002926,Yes,2,Graduate,Yes,2726,0.0,106.0,360.0,0.0,Semiurban,0
LP002928,Yes,0,Graduate,No,3000,3416.0,56.0,180.0,1.0,Semiurban,1
LP002931,Yes,2,Graduate,Yes,6000,0.0,205.0,240.0,1.0,Semiurban,0
LP002933,No,3+,Graduate,Yes,9357,0.0,292.0,360.0,1.0,Semiurban,1
LP002936,Yes,0,Graduate,No,3859,3300.0,142.0,180.0,1.0,Rural,1
LP002938,Yes,0,Graduate,Yes,16120,0.0,260.0,360.0,1.0,Urban,1
LP002940,No,0,Not Graduate,No,3833,0.0,110.0,360.0,1.0,Rural,1
LP002941,Yes,2,Not Graduate,Yes,6383,1000.0,187.0,360.0,1.0,Rural,0
LP002945,Yes,0,Graduate,Yes,9963,0.0,180.0,360.0,1.0,Rural,1
LP002948,Yes,2,Graduate,No,5780,0.0,192.0,360.0,1.0,Urban,1
LP002953,Yes,3+,Graduate,No,5703,0.0,128.0,360.0,1.0,Urban,1
LP002958,No,0,Graduate,No,3676,4301.0,172.0,360.0,1.0,Rural,1
LP002959,Yes,1,Graduate,No,12000,0.0,496.0,360.0,1.0,Semiurban,1
LP002961,Yes,1,Graduate,No,3400,2500.0,173.0,360.0,1.0,Semiurban,1
LP002964,Yes,2,Not Graduate,No,3987,1411.0,157.0,360.0,1.0,Rural,1
LP002974,Yes,0,Graduate,No,3232,1950.0,108.0,360.0,1.0,Rural,1
LP002978,No,0,Graduate,No,2900,0.0,71.0,360.0,1.0,Rural,1
LP002979,Yes,3+,Graduate,No,4106,0.0,40.0,180.0,1.0,Rural,1
LP002983,Yes,1,Graduate,No,8072,240.0,253.0,360.0,1.0,Urban,1
LP002984,Yes,2,Graduate,No,7583,0.0,187.0,360.0,1.0,Urban,1
LP002990,No,0,Graduate,Yes,4583,0.0,133.0,360.0,0.0,Semiurban,0
LP001015,Yes,0,Graduate,No,5720,0.0,110.0,360.0,1.0,Urban,0
LP001022,Yes,1,Graduate,No,3076,1500.0,126.0,360.0,1.0,Urban,0
LP001031,Yes,2,Graduate,No,5000,1800.0,208.0,360.0,1.0,Urban,0
LP001051,No,0,Not Graduate,No,3276,0.0,78.0,360.0,1.0,Urban,0
LP001054,Yes,0,Not Graduate,Yes,2165,3422.0,152.0,360.0,1.0,Urban,0
LP001055,No,1,Not Graduate,No,2226,0.0,59.0,360.0,1.0,Semiurban,0
LP001056,Yes,2,Not Graduate,No,3881,0.0,147.0,360.0,0.0,Rural,0
LP001067,No,0,Not Graduate,No,2400,2400.0,123.0,360.0,1.0,Semiurban,0
LP001078,No,0,Not Graduate,No,3091,0.0,90.0,360.0,1.0,Urban,0
LP001096,No,0,Graduate,No,4666,0.0,124.0,360.0,1.0,Semiurban,0
LP001099,No,1,Graduate,No,5667,0.0,131.0,360.0,1.0,Urban,0
LP001105,Yes,2,Graduate,No,4583,2916.0,200.0,360.0,1.0,Urban,0
LP001107,Yes,3+,Graduate,No,3786,333.0,126.0,360.0,1.0,Semiurban,0
LP001108,Yes,0,Graduate,No,9226,7916.0,300.0,360.0,1.0,Urban,0
LP001115,No,0,Graduate,No,1300,3470.0,100.0,180.0,1.0,Semiurban,0
LP001121,Yes,1,Not Graduate,No,1888,1620.0,48.0,360.0,1.0,Urban,0
LP001124,No,3+,Not Graduate,No,2083,0.0,28.0,180.0,1.0,Urban,0
LP001128,No,0,Graduate,No,3909,0.0,101.0,360.0,1.0,Urban,0
LP001135,No,0,Not Graduate,No,3765,0.0,125.0,360.0,1.0,Urban,0
LP001149,Yes,0,Graduate,No,5400,4380.0,290.0,360.0,1.0,Urban,0
LP001153,No,0,Graduate,No,0,24000.0,148.0,360.0,0.0,Rural,0
LP001169,Yes,0,Graduate,No,7500,3750.0,275.0,360.0,1.0,Urban,0
LP001176,No,0,Graduate,No,2942,2382.0,125.0,180.0,1.0,Urban,0
LP001177,No,0,Not Graduate,No,2478,0.0,75.0,360.0,1.0,Semiurban,0
LP001183,Yes,2,Graduate,No,6250,820.0,192.0,360.0,1.0,Urban,0
LP001185,No,0,Graduate,No,3268,1683.0,152.0,360.0,1.0,Semiurban,0
LP001187,Yes,0,Graduate,No,2783,2708.0,158.0,360.0,1.0,Urban,0
LP001190,Yes,0,Graduate,No,2740,1541.0,101.0,360.0,1.0,Urban,0
LP001203,No,0,Graduate,No,3150,0.0,176.0,360.0,0.0,Semiurban,0
LP001210,Yes,0,Graduate,Yes,2267,2792.0,90.0,360.0,1.0,Urban,0
LP001211,No,0,Graduate,Yes,5833,0.0,116.0,360.0,1.0,Urban,0
LP001219,No,0,Graduate,No,3643,1963.0,138.0,360.0,1.0,Urban,0
LP001220,Yes,0,Graduate,No,5629,818.0,100.0,360.0,1.0,Urban,0
LP001221,No,0,Graduate,No,3644,0.0,110.0,360.0,1.0,Urban,0
LP001226,Yes,0,Not Graduate,No,1750,2024.0,90.0,360.0,1.0,Semiurban,0
LP001230,No,0,Graduate,No,6500,2600.0,200.0,360.0,1.0,Semiurban,0
LP001231,No,0,Graduate,No,3666,0.0,84.0,360.0,1.0,Urban,0
LP001242,No,0,Not Graduate,No,2356,1902.0,108.0,360.0,1.0,Semiurban,0
LP001270,Yes,3+,Not Graduate,Yes,8000,250.0,187.0,360.0,1.0,Semiurban,0
LP001284,Yes,1,Graduate,No,2419,1707.0,124.0,360.0,1.0,Urban,0
LP001287,Yes,3+,Not Graduate,No,3500,833.0,120.0,360.0,1.0,Semiurban,0
LP001291,Yes,1,Graduate,No,3500,3077.0,160.0,360.0,1.0,Semiurban,0
LP001298,Yes,2,Graduate,No,4116,1000.0,30.0,180.0,1.0,Urban,0
LP001312,Yes,0,Not Graduate,Yes,5293,0.0,92.0,360.0,1.0,Urban,0
LP001313,No,0,Graduate,No,2750,0.0,130.0,360.0,0.0,Urban,0
LP001317,No,0,Not Graduate,No,4402,0.0,130.0,360.0,1.0,Rural,0
LP001321,Yes,2,Graduate,No,3613,3539.0,134.0,180.0,1.0,Semiurban,0
LP001323,Yes,2,Graduate,No,2779,3664.0,176.0,360.0,0.0,Semiurban,0
LP001324,Yes,3+,Graduate,No,4720,0.0,90.0,180.0,1.0,Semiurban,0
LP001332,Yes,0,Not Graduate,No,2415,1721.0,110.0,360.0,1.0,Semiurban,0
LP001335,Yes,0,Graduate,Yes,7016,292.0,125.0,360.0,1.0,Urban,0
LP001338,No,2,Graduate,No,4968,0.0,189.0,360.0,1.0,Semiurban,0
LP001347,No,0,Graduate,No,2101,1500.0,108.0,360.0,0.0,Rural,0
LP001348,Yes,3+,Not Graduate,No,4490,0.0,125.0,360.0,1.0,Urban,0
LP001351,Yes,0,Graduate,No,2917,3583.0,138.0,360.0,1.0,Semiurban,0
LP001352,Yes,0,Not Graduate,No,4700,0.0,135.0,360.0,0.0,Semiurban,0
LP001358,Yes,0,Graduate,No,3445,0.0,130.0,360.0,0.0,Semiurban,0
LP001359,Yes,0,Graduate,No,7666,0.0,187.0,360.0,1.0,Semiurban,0
LP001361,Yes,0,Graduate,No,2458,5105.0,188.0,360.0,0.0,Rural,0
LP001368,No,0,Graduate,No,4463,0.0,65.0,360.0,1.0,Semiurban,0
LP001380,Yes,0,Graduate,Yes,3900,2094.0,232.0,360.0,1.0,Rural,0
LP001386,Yes,0,Not Graduate,No,4750,3583.0,144.0,360.0,1.0,Semiurban,0
LP001400,No,0,Graduate,No,3583,3435.0,155.0,360.0,1.0,Urban,0
LP001407,Yes,0,Graduate,No,3189,2367.0,186.0,360.0,1.0,Urban,0
LP001413,No,0,Graduate,Yes,6356,0.0,50.0,360.0,1.0,Rural,0
LP001419,Yes,0,Graduate,No,7950,0.0,185.0,360.0,1.0,Urban,0
LP001420,Yes,3+,Graduate,No,3829,1103.0,163.0,360.0,0.0,Urban,0
LP001428,Yes,3+,Graduate,No,72529,0.0,360.0,360.0,1.0,Urban,0
LP001445,Yes,2,Not Graduate,No,4136,0.0,149.0,480.0,0.0,Rural,0
LP001446,Yes,0,Graduate,No,8449,0.0,257.0,360.0,1.0,Rural,0
LP001450,Yes,0,Graduate,No,4456,0.0,131.0,180.0,0.0,Semiurban,0
LP001452,Yes,2,Graduate,No,4635,8000.0,102.0,180.0,1.0,Rural,0
LP001455,Yes,0,Graduate,No,3571,1917.0,135.0,360.0,1.0,Urban,0
LP001466,No,0,Graduate,No,3066,0.0,95.0,360.0,1.0,Semiurban,0
LP001471,No,2,Not Graduate,No,3235,2015.0,77.0,360.0,1.0,Semiurban,0
LP001483,Yes,3+,Graduate,No,13518,0.0,390.0,360.0,1.0,Rural,0
LP001486,Yes,1,Graduate,No,4364,2500.0,185.0,360.0,1.0,Semiurban,0
LP001490,Yes,2,Not Graduate,No,4766,1646.0,100.0,360.0,1.0,Semiurban,0
LP001496,Yes,1,Graduate,No,4609,2333.0,123.0,360.0,0.0,Semiurban,0
LP001499,Yes,3+,Graduate,No,6260,0.0,110.0,360.0,1.0,Semiurban,0
LP001500,Yes,1,Graduate,No,3333,4200.0,256.0,360.0,1.0,Urban,0
LP001501,Yes,0,Graduate,No,3500,3250.0,140.0,360.0,1.0,Semiurban,0
LP001517,Yes,3+,Graduate,No,9719,0.0,61.0,360.0,1.0,Urban,0
LP001534,No,0,Graduate,No,4452,0.0,131.0,360.0,1.0,Rural,0
LP001547,Yes,1,Graduate,No,3901,0.0,116.0,360.0,1.0,Urban,0
LP001548,Yes,2,Not Graduate,No,2687,0.0,50.0,180.0,1.0,Rural,0
LP001561,Yes,0,Graduate,No,3417,1287.0,200.0,360.0,1.0,Semiurban,0
LP001563,No,0,Graduate,No,1596,1760.0,119.0,360.0,0.0,Urban,0
LP001567,Yes,3+,Graduate,No,4513,0.0,120.0,360.0,1.0,Rural,0
LP001568,Yes,0,Graduate,No,4500,0.0,140.0,360.0,1.0,Semiurban,0
LP001573,Yes,0,Not Graduate,No,4523,1350.0,165.0,360.0,1.0,Urban,0
LP001584,No,0,Graduate,Yes,4742,0.0,108.0,360.0,1.0,Semiurban,0
LP001589,No,0,Graduate,No,3417,0.0,102.0,360.0,1.0,Urban,0
LP001591,Yes,2,Graduate,No,2922,3396.0,122.0,360.0,1.0,Semiurban,0
LP001599,Yes,0,Graduate,No,4167,4754.0,160.0,360.0,1.0,Rural,0
LP001607,No,0,Not Graduate,No,0,1760.0,180.0,360.0,1.0,Semiurban,0
LP001613,No,0,Graduate,No,1762,2666.0,104.0,360.0,0.0,Urban,0
LP001622,Yes,2,Graduate,No,724,3510.0,213.0,360.0,0.0,Rural,0
LP001627,No,0,Graduate,No,3125,0.0,65.0,360.0,1.0,Urban,0
LP001650,Yes,0,Graduate,No,2333,3803.0,146.0,360.0,1.0,Rural,0
LP001651,Yes,3+,Graduate,No,3350,1560.0,135.0,360.0,1.0,Urban,0
LP001652,No,0,Graduate,No,2500,6414.0,187.0,360.0,0.0,Rural,0
LP001655,No,0,Graduate,No,12500,0.0,300.0,360.0,0.0,Urban,0
LP001660,No,0,Graduate,No,4667,0.0,120.0,360.0,1.0,Semiurban,0
LP001662,No,0,Graduate,No,6500,0.0,71.0,360.0,0.0,Urban,0
LP001663,Yes,2,Graduate,No,7500,0.0,225.0,360.0,1.0,Urban,0
LP001667,No,0,Graduate,No,3073,0.0,70.0,180.0,1.0,Urban,0
LP001703,Yes,0,Graduate,No,3333,1270.0,124.0,360.0,1.0,Urban,0
LP001718,No,0,Graduate,No,3391,0.0,132.0,360.0,1.0,Rural,0
LP001728,Yes,1,Graduate,Yes,3343,1517.0,105.0,360.0,1.0,Rural,0
LP001735,No,1,Graduate,No,3620,0.0,90.0,360.0,1.0,Urban,0
LP001737,No,0,Graduate,No,4000,0.0,83.0,84.0,1.0,Urban,0
LP001739,Yes,0,Graduate,No,4258,0.0,125.0,360.0,1.0,Urban,0
LP001742,Yes,2,Graduate,No,4500,0.0,147.0,360.0,1.0,Rural,0
LP001757,Yes,1,Graduate,No,2014,2925.0,120.0,360.0,1.0,Rural,0
LP001785,No,0,Graduate,No,4727,0.0,150.0,360.0,0.0,Rural,0
LP001787,Yes,3+,Graduate,No,3089,2999.0,100.0,240.0,1.0,Rural,0
LP001794,Yes,2,Graduate,Yes,10890,0.0,260.0,12.0,1.0,Rural,0
LP001797,No,0,Graduate,No,12941,0.0,150.0,300.0,1.0,Urban,0
LP001815,No,0,Not Graduate,No,3276,0.0,90.0,360.0,1.0,Semiurban,0
LP001817,No,0,Not Graduate,Yes,8703,0.0,199.0,360.0,0.0,Rural,0
LP001818,Yes,1,Graduate,No,4742,717.0,139.0,360.0,1.0,Semiurban,0
LP001822,No,0,Graduate,No,5900,0.0,150.0,360.0,1.0,Urban,0
LP001827,No,0,Graduate,No,3071,4309.0,180.0,360.0,1.0,Urban,0
LP001831,Yes,0,Graduate,No,2783,1456.0,113.0,360.0,1.0,Urban,0
LP001842,No,0,Graduate,No,5000,0.0,148.0,360.0,1.0,Rural,0
LP001853,Yes,1,Not Graduate,No,2463,2360.0,117.0,360.0,0.0,Urban,0
LP001855,Yes,2,Graduate,No,4855,0.0,72.0,360.0,1.0,Rural,0
LP001857,No,0,Not Graduate,Yes,1599,2474.0,125.0,300.0,1.0,Semiurban,0
LP001862,Yes,2,Graduate,Yes,4246,4246.0,214.0,360.0,1.0,Urban,0
LP001867,Yes,0,Graduate,No,4333,2291.0,133.0,350.0,1.0,Rural,0
LP001878,No,1,Graduate,No,5823,2529.0,187.0,360.0,1.0,Semiurban,0
LP001881,Yes,0,Not Graduate,No,7895,0.0,143.0,360.0,1.0,Rural,0
LP001886,No,0,Graduate,No,4150,4256.0,209.0,360.0,1.0,Rural,0
LP001909,No,0,Graduate,No,5583,0.0,116.0,360.0,1.0,Urban,0
LP001911,No,0,Graduate,No,2708,0.0,65.0,360.0,1.0,Rural,0
LP001923,No,0,Not Graduate,No,2268,0.0,170.0,360.0,0.0,Semiurban,0
LP001933,No,2,Not Graduate,No,1141,2017.0,120.0,360.0,0.0,Urban,0
LP001943,Yes,0,Graduate,No,3042,3167.0,135.0,360.0,1.0,Urban,0
LP001959,Yes,1,Graduate,No,3564,0.0,79.0,360.0,1.0,Rural,0
LP001961,No,0,Graduate,No,3958,0.0,110.0,360.0,1.0,Rural,0
LP001973,Yes,2,Not Graduate,No,4483,0.0,130.0,360.0,1.0,Rural,0
LP001975,Yes,0,Graduate,No,5225,0.0,143.0,360.0,1.0,Rural,0
LP001979,No,0,Graduate,No,3017,2845.0,159.0,180.0,0.0,Urban,0
LP001995,Yes,0,Not Graduate,No,2431,1820.0,110.0,360.0,0.0,Rural,0
LP002007,Yes,2,Not Graduate,No,2500,3333.0,131.0,360.0,1.0,Urban,0
LP002016,Yes,2,Graduate,No,5128,0.0,143.0,360.0,1.0,Rural,0
LP002018,Yes,2,Graduate,No,3958,2632.0,160.0,360.0,1.0,Semiurban,0
LP002027,Yes,0,Graduate,No,4334,2945.0,165.0,360.0,1.0,Semiurban,0
LP002028,Yes,2,Graduate,No,4358,0.0,110.0,360.0,1.0,Urban,0
LP002042,Yes,1,Graduate,No,4000,3917.0,173.0,360.0,1.0,Rural,0
LP002047,Yes,2,Not Graduate,No,4521,1184.0,150.0,360.0,1.0,Semiurban,0
LP002056,Yes,2,Graduate,No,9167,0.0,235.0,360.0,1.0,Semiurban,0
LP002059,Yes,2,Graduate,No,7874,3967.0,336.0,360.0,1.0,Rural,0
LP002062,Yes,1,Graduate,No,4333,0.0,132.0,84.0,1.0,Rural,0
LP002064,No,0,Graduate,No,4083,0.0,96.0,360.0,1.0,Urban,0
LP002070,Yes,3+,Not Graduate,No,2654,1998.0,128.0,360.0,0.0,Rural,0
LP002077,Yes,1,Graduate,No,10000,2690.0,412.0,360.0,1.0,Semiurban,0
LP002083,No,0,Graduate,Yes,5833,0.0,116.0,360.0,1.0,Urban,0
LP002090,Yes,1,Graduate,No,4796,0.0,114.0,360.0,0.0,Semiurban,0
LP002096,Yes,0,Not Graduate,No,2000,1600.0,115.0,360.0,1.0,Rural,0
LP002099,Yes,2,Graduate,No,2540,700.0,104.0,360.0,0.0,Urban,0
LP002102,Yes,0,Graduate,Yes,1900,1442.0,88.0,360.0,1.0,Rural,0
LP002105,Yes,0,Graduate,Yes,8706,0.0,108.0,480.0,1.0,Rural,0
LP002107,Yes,3+,Not Graduate,No,2855,542.0,90.0,360.0,1.0,Urban,0
LP002117,Yes,0,Graduate,No,3159,2374.0,108.0,360.0,1.0,Semiurban,0
LP002118,No,0,Graduate,No,1937,1152.0,78.0,360.0,1.0,Semiurban,0
LP002123,Yes,0,Graduate,No,2613,2417.0,123.0,360.0,1.0,Semiurban,0
LP002125,Yes,1,Graduate,No,4960,2600.0,187.0,360.0,1.0,Semiurban,0
LP002148,Yes,1,Graduate,No,3074,1083.0,146.0,360.0,1.0,Semiurban,0
LP002152,No,0,Graduate,No,4213,0.0,80.0,360.0,1.0,Urban,0
LP002165,No,1,Not Graduate,No,2038,4027.0,100.0,360.0,1.0,Rural,0
LP002167,No,0,Graduate,No,2362,0.0,55.0,360.0,1.0,Urban,0
LP002168,No,0,Graduate,No,5333,2400.0,200.0,360.0,0.0,Rural,0
LP002172,Yes,3+,Graduate,Yes,5384,0.0,150.0,360.0,1.0,Semiurban,0
LP002176,No,0,Graduate,No,5708,0.0,150.0,360.0,1.0,Rural,0
LP002184,Yes,0,Not Graduate,No,2914,2130.0,150.0,300.0,1.0,Urban,0
LP002186,Yes,0,Not Graduate,No,2747,2458.0,118.0,36.0,1.0,Semiurban,0
LP002192,Yes,0,Graduate,No,7830,2183.0,212.0,360.0,1.0,Rural,0
LP002195,Yes,1,Graduate,Yes,3507,3148.0,212.0,360.0,1.0,Rural,0
LP002208,Yes,1,Graduate,No,3747,2139.0,125.0,360.0,1.0,Urban,0
LP002240,Yes,0,Not Graduate,No,3500,2168.0,149.0,360.0,1.0,Rural,0
LP002245,Yes,2,Not Graduate,No,2896,0.0,80.0,480.0,1.0,Urban,0
LP002253,No,1,Graduate,No,5062,0.0,152.0,300.0,1.0,Rural,0
LP002256,No,2,Graduate,Yes,5184,0.0,187.0,360.0,0.0,Semiurban,0
LP002257,No,0,Graduate,No,2545,0.0,74.0,360.0,1.0,Urban,0
LP002264,Yes,0,Graduate,No,2553,1768.0,102.0,360.0,1.0,Urban,0
LP002270,Yes,1,Graduate,No,3436,3809.0,100.0,360.0,1.0,Rural,0
LP002279,No,0,Graduate,No,2412,2755.0,130.0,360.0,1.0,Rural,0
LP002286,Yes,3+,Not Graduate,No,5180,0.0,125.0,360.0,0.0,Urban,0
LP002294,No,0,Graduate,No,14911,14507.0,130.0,360.0,1.0,Semiurban,0
LP002298,No,0,Graduate,Yes,2860,2988.0,138.0,360.0,1.0,Urban,0
LP002306,Yes,0,Graduate,No,1173,1594.0,28.0,180.0,1.0,Rural,0
LP002310,No,1,Graduate,No,7600,0.0,92.0,360.0,1.0,Semiurban,0
LP002311,Yes,0,Graduate,No,2157,1788.0,104.0,360.0,1.0,Urban,0
LP002316,No,0,Graduate,No,2231,2774.0,176.0,360.0,0.0,Urban,0
LP002321,No,0,Graduate,No,2274,5211.0,117.0,360.0,0.0,Semiurban,0
LP002325,Yes,2,Not Graduate,No,6166,13983.0,102.0,360.0,1.0,Rural,0
LP002326,Yes,2,Not Graduate,No,2513,1110.0,107.0,360.0,1.0,Semiurban,0
LP002329,No,0,Graduate,No,4333,0.0,66.0,480.0,1.0,Urban,0
LP002333,No,0,Not Graduate,No,3844,0.0,105.0,360.0,1.0,Urban,0
LP002339,Yes,0,Graduate,No,3887,1517.0,105.0,360.0,0.0,Semiurban,0
LP002344,Yes,0,Graduate,No,3510,828.0,105.0,360.0,1.0,Semiurban,0
LP002354,No,0,Not Graduate,No,2107,0.0,64.0,360.0,1.0,Semiurban,0
LP002355,Yes,0,Graduate,No,3186,3145.0,150.0,180.0,0.0,Semiurban,0
LP002358,Yes,2,Graduate,Yes,5000,2166.0,150.0,360.0,1.0,Urban,0
LP002375,Yes,0,Not Graduate,Yes,3943,0.0,64.0,360.0,1.0,Semiurban,0
LP002376,No,0,Graduate,No,2925,0.0,40.0,180.0,1.0,Rural,0
LP002383,Yes,3+,Graduate,No,3242,437.0,142.0,480.0,0.0,Urban,0
LP002389,No,1,Graduate,No,4028,0.0,131.0,360.0,1.0,Semiurban,0
LP002394,Yes,2,Graduate,No,4010,1025.0,120.0,360.0,1.0,Urban,0
LP002397,Yes,1,Graduate,No,3719,1585.0,114.0,360.0,1.0,Urban,0
LP002400,Yes,0,Graduate,No,3833,0.0,92.0,360.0,1.0,Rural,0
LP002402,Yes,0,Graduate,No,3333,4288.0,160.0,360.0,1.0,Urban,0
LP002412,Yes,0,Graduate,No,3007,3725.0,151.0,360.0,1.0,Rural,0
LP002417,Yes,3+,Not Graduate,No,2792,2619.0,171.0,360.0,1.0,Semiurban,0
LP002420,Yes,0,Graduate,No,2982,1550.0,110.0,360.0,1.0,Semiurban,0
LP002433,Yes,1,Graduate,No,18840,0.0,234.0,360.0,1.0,Rural,0
LP002440,Yes,2,Graduate,No,2995,1120.0,184.0,360.0,1.0,Rural,0
LP002442,Yes,1,Not Graduate,No,3835,1400.0,112.0,480.0,0.0,Urban,0
LP002445,No,1,Not Graduate,No,3854,3575.0,117.0,360.0,1.0,Rural,0
LP002450,Yes,2,Graduate,No,5833,750.0,49.0,360.0,0.0,Rural,0
LP002471,No,0,Graduate,No,3508,0.0,99.0,360.0,1.0,Rural,0
LP002476,Yes,3+,Not Graduate,No,1635,2444.0,99.0,360.0,1.0,Urban,0
LP002482,No,0,Graduate,Yes,3333,3916.0,212.0,360.0,1.0,Rural,0
LP002485,No,1,Graduate,No,24797,0.0,240.0,360.0,1.0,Semiurban,0
LP002495,Yes,2,Graduate,No,5667,440.0,130.0,360.0,0.0,Semiurban,0
LP002496,No,0,Graduate,No,3500,0.0,94.0,360.0,0.0,Semiurban,0
LP002523,Yes,3+,Graduate,No,2773,1497.0,108.0,360.0,1.0,Semiurban,0
LP002550,No,0,Graduate,No,5769,0.0,110.0,180.0,1.0,Semiurban,0
LP002553,No,0,Graduate,No,29167,0.0,185.0,360.0,1.0,Semiurban,0
LP002554,No,0,Graduate,No,2166,2057.0,122.0,360.0,1.0,Semiurban,0
LP002561,Yes,0,Graduate,No,5000,0.0,126.0,360.0,1.0,Rural,0
LP002568,No,0,Not Graduate,No,9000,0.0,122.0,360.0,1.0,Rural,0
LP002570,Yes,2,Graduate,No,10000,11666.0,460.0,360.0,1.0,Urban,0
LP002592,No,0,Graduate,No,4983,0.0,141.0,360.0,1.0,Urban,0
LP002599,Yes,0,Graduate,No,3667,2000.0,170.0,360.0,1.0,Semiurban,0
LP002604,Yes,2,Graduate,No,3166,2833.0,145.0,360.0,1.0,Urban,0
LP002605,No,0,Not Graduate,No,3271,0.0,90.0,360.0,1.0,Rural,0
LP002609,Yes,0,Graduate,No,2241,2000.0,88.0,360.0,0.0,Urban,0
LP002612,Yes,0,Graduate,No,2666,0.0,84.0,480.0,1.0,Semiurban,0
LP002614,No,0,Graduate,No,6478,0.0,108.0,360.0,1.0,Semiurban,0
LP002635,Yes,2,Not Graduate,No,3729,0.0,117.0,360.0,1.0,Semiurban,0
LP002639,Yes,2,Graduate,No,4120,0.0,128.0,360.0,1.0,Rural,0
LP002644,Yes,1,Graduate,Yes,7500,0.0,75.0,360.0,1.0,Urban,0
LP002657,Yes,1,Not Graduate,Yes,570,2125.0,68.0,360.0,1.0,Rural,0
LP002711,Yes,0,Graduate,No,2600,700.0,96.0,360.0,1.0,Semiurban,0
LP002721,Yes,2,Graduate,Yes,7500,0.0,183.0,360.0,1.0,Rural,0
LP002735,Yes,2,Not Graduate,No,3859,0.0,121.0,360.0,1.0,Rural,0
LP002744,Yes,1,Graduate,No,6825,0.0,162.0,360.0,1.0,Rural,0
LP002745,Yes,0,Graduate,No,3708,4700.0,132.0,360.0,1.0,Semiurban,0
LP002746,No,0,Graduate,No,5314,0.0,147.0,360.0,1.0,Urban,0
LP002747,No,3+,Graduate,No,2366,5272.0,153.0,360.0,0.0,Rural,0
LP002759,Yes,2,Graduate,No,5000,0.0,149.0,360.0,1.0,Rural,0
LP002760,No,0,Graduate,No,3767,0.0,134.0,300.0,1.0,Urban,0
LP002766,Yes,0,Graduate,No,7859,879.0,165.0,180.0,1.0,Semiurban,0
LP002769,Yes,0,Graduate,No,4283,0.0,120.0,360.0,1.0,Rural,0
LP002774,Yes,0,Not Graduate,No,1700,2900.0,67.0,360.0,0.0,Urban,0
LP002775,No,0,Not Graduate,No,4768,0.0,125.0,360.0,1.0,Rural,0
LP002781,No,0,Graduate,No,3083,2738.0,120.0,360.0,1.0,Urban,0
LP002782,Yes,1,Graduate,No,2667,1542.0,148.0,360.0,1.0,Rural,0
LP002786,Yes,0,Not Graduate,No,1647,1762.0,181.0,360.0,1.0,Urban,0
LP002790,Yes,3+,Graduate,No,3400,0.0,80.0,120.0,1.0,Urban,0
LP002793,Yes,0,Graduate,No,5333,0.0,90.0,360.0,1.0,Rural,0
LP002802,No,0,Graduate,No,2875,2416.0,95.0,6.0,0.0,Semiurban,0
LP002805,Yes,2,Graduate,No,5041,700.0,150.0,360.0,1.0,Urban,0
LP002806,Yes,3+,Graduate,Yes,6958,1411.0,150.0,360.0,1.0,Rural,0
LP002823,Yes,0,Graduate,No,5509,0.0,143.0,360.0,1.0,Rural,0
LP002825,Yes,3+,Graduate,No,9699,0.0,300.0,360.0,1.0,Urban,0
LP002826,Yes,1,Not Graduate,No,3621,2717.0,171.0,360.0,1.0,Urban,0
LP002843,Yes,0,Graduate,No,4709,0.0,113.0,360.0,1.0,Semiurban,0
LP002849,Yes,0,Graduate,No,1516,1951.0,35.0,360.0,1.0,Semiurban,0
LP002850,No,2,Graduate,No,2400,0.0,46.0,360.0,1.0,Urban,0
LP002856,Yes,0,Graduate,No,2292,1558.0,119.0,360.0,1.0,Urban,0
LP002857,Yes,1,Graduate,Yes,2360,3355.0,87.0,240.0,1.0,Rural,0
LP002858,No,0,Graduate,No,4333,2333.0,162.0,360.0,0.0,Rural,0
LP002860,Yes,0,Graduate,Yes,2623,4831.0,122.0,180.0,1.0,Semiurban,0
LP002867,No,0,Graduate,Yes,3972,4275.0,187.0,360.0,1.0,Rural,0
LP002869,Yes,3+,Not Graduate,No,3522,0.0,81.0,180.0,1.0,Rural,0
LP002870,Yes,1,Graduate,No,4700,0.0,80.0,360.0,1.0,Urban,0
LP002876,No,0,Graduate,No,6858,0.0,176.0,360.0,1.0,Rural,0
LP002878,Yes,3+,Graduate,No,8334,0.0,260.0,360.0,1.0,Urban,0
LP002879,Yes,0,Graduate,No,3391,1966.0,133.0,360.0,0.0,Rural,0
LP002885,No,0,Not Graduate,No,2868,0.0,70.0,360.0,1.0,Urban,0
LP002890,Yes,2,Not Graduate,No,3418,1380.0,135.0,360.0,1.0,Urban,0
LP002891,Yes,0,Graduate,Yes,2500,296.0,137.0,300.0,1.0,Rural,0
LP002899,Yes,2,Graduate,No,8667,0.0,254.0,360.0,1.0,Rural,0
LP002907,Yes,0,Graduate,No,5817,910.0,109.0,360.0,1.0,Urban,0
LP002920,Yes,0,Graduate,No,5119,3769.0,120.0,360.0,1.0,Rural,0
LP002921,Yes,3+,Not Graduate,No,5316,187.0,158.0,180.0,0.0,Semiurban,0
LP002932,Yes,3+,Graduate,No,7603,1213.0,197.0,360.0,1.0,Urban,0
LP002935,Yes,1,Graduate,No,3791,1936.0,85.0,360.0,1.0,Urban,0
LP002952,No,0,Graduate,No,2500,0.0,60.0,360.0,1.0,Urban,0
LP002962,No,0,Graduate,No,4000,2667.0,152.0,360.0,1.0,Semiurban,0
LP002969,Yes,1,Graduate,No,2269,2167.0,99.0,360.0,1.0,Semiurban,0
LP002971,Yes,3+,Not Graduate,Yes,4009,1777.0,113.0,360.0,1.0,Urban,0
LP002975,Yes,0,Graduate,No,4158,709.0,115.0,360.0,1.0,Urban,0
LP002986,Yes,0,Graduate,No,5000,2393.0,158.0,360.0,1.0,Rural,0
LP002989,No,0,Graduate,Yes,9200,0.0,98.0,180.0,1.0,Rural,0
